"year","month","day","start","end","length","city"
2016,1,"1","7:35 ↑ (125°)","16:03 ↑ (235°)","8:27:57","kryvyi-rih"
2016,1,"2","7:35 ↑ (124°)","16:04 ↑ (236°)","8:28:55","kryvyi-rih"
2016,1,"3","7:35 ↑ (124°)","16:05 ↑ (236°)","8:29:58","kryvyi-rih"
2016,1,"4","7:35 ↑ (124°)","16:06 ↑ (236°)","8:31:06","kryvyi-rih"
2016,1,"5","7:35 ↑ (124°)","16:07 ↑ (236°)","8:32:19","kryvyi-rih"
2016,1,"6","7:35 ↑ (124°)","16:08 ↑ (236°)","8:33:37","kryvyi-rih"
2016,1,"7","7:35 ↑ (124°)","16:10 ↑ (236°)","8:35:00","kryvyi-rih"
2016,1,"8","7:34 ↑ (123°)","16:11 ↑ (237°)","8:36:28","kryvyi-rih"
2016,1,"9","7:34 ↑ (123°)","16:12 ↑ (237°)","8:38:00","kryvyi-rih"
2016,1,"10","7:34 ↑ (123°)","16:13 ↑ (237°)","8:39:36","kryvyi-rih"
2016,1,"11","7:33 ↑ (123°)","16:14 ↑ (237°)","8:41:18","kryvyi-rih"
2016,1,"12","7:33 ↑ (122°)","16:16 ↑ (238°)","8:43:04","kryvyi-rih"
2016,1,"13","7:32 ↑ (122°)","16:17 ↑ (238°)","8:44:53","kryvyi-rih"
2016,1,"14","7:32 ↑ (122°)","16:18 ↑ (238°)","8:46:47","kryvyi-rih"
2016,1,"15","7:31 ↑ (122°)","16:20 ↑ (239°)","8:48:46","kryvyi-rih"
2016,1,"16","7:30 ↑ (121°)","16:21 ↑ (239°)","8:50:47","kryvyi-rih"
2016,1,"17","7:30 ↑ (121°)","16:23 ↑ (239°)","8:52:53","kryvyi-rih"
2016,1,"18","7:29 ↑ (121°)","16:24 ↑ (239°)","8:55:03","kryvyi-rih"
2016,1,"19","7:28 ↑ (120°)","16:25 ↑ (240°)","8:57:16","kryvyi-rih"
2016,1,"20","7:27 ↑ (120°)","16:27 ↑ (240°)","8:59:33","kryvyi-rih"
2016,1,"21","7:26 ↑ (120°)","16:28 ↑ (240°)","9:01:54","kryvyi-rih"
2016,1,"22","7:25 ↑ (119°)","16:30 ↑ (241°)","9:04:17","kryvyi-rih"
2016,1,"23","7:25 ↑ (119°)","16:31 ↑ (241°)","9:06:43","kryvyi-rih"
2016,1,"24","7:24 ↑ (119°)","16:33 ↑ (242°)","9:09:14","kryvyi-rih"
2016,1,"25","7:23 ↑ (118°)","16:34 ↑ (242°)","9:11:47","kryvyi-rih"
2016,1,"26","7:21 ↑ (118°)","16:36 ↑ (242°)","9:14:23","kryvyi-rih"
2016,1,"27","7:20 ↑ (117°)","16:37 ↑ (243°)","9:17:01","kryvyi-rih"
2016,1,"28","7:19 ↑ (117°)","16:39 ↑ (243°)","9:19:42","kryvyi-rih"
2016,1,"29","7:18 ↑ (117°)","16:40 ↑ (244°)","9:22:26","kryvyi-rih"
2016,1,"30","7:17 ↑ (116°)","16:42 ↑ (244°)","9:25:13","kryvyi-rih"
2016,1,"31","7:16 ↑ (116°)","16:44 ↑ (244°)","9:28:01","kryvyi-rih"
2016,2,"1","7:14 ↑ (115°)","16:45 ↑ (245°)","9:30:53","kryvyi-rih"
2016,2,"2","7:13 ↑ (115°)","16:47 ↑ (245°)","9:33:46","kryvyi-rih"
2016,2,"3","7:12 ↑ (114°)","16:48 ↑ (246°)","9:36:41","kryvyi-rih"
2016,2,"4","7:10 ↑ (114°)","16:50 ↑ (246°)","9:39:39","kryvyi-rih"
2016,2,"5","7:09 ↑ (113°)","16:52 ↑ (247°)","9:42:38","kryvyi-rih"
2016,2,"6","7:07 ↑ (113°)","16:53 ↑ (247°)","9:45:40","kryvyi-rih"
2016,2,"7","7:06 ↑ (112°)","16:55 ↑ (248°)","9:48:43","kryvyi-rih"
2016,2,"8","7:05 ↑ (112°)","16:56 ↑ (248°)","9:51:48","kryvyi-rih"
2016,2,"9","7:03 ↑ (111°)","16:58 ↑ (249°)","9:54:55","kryvyi-rih"
2016,2,"10","7:01 ↑ (111°)","17:00 ↑ (249°)","9:58:02","kryvyi-rih"
2016,2,"11","7:00 ↑ (110°)","17:01 ↑ (250°)","10:01:11","kryvyi-rih"
2016,2,"12","6:58 ↑ (110°)","17:03 ↑ (250°)","10:04:22","kryvyi-rih"
2016,2,"13","6:57 ↑ (109°)","17:04 ↑ (251°)","10:07:35","kryvyi-rih"
2016,2,"14","6:55 ↑ (109°)","17:06 ↑ (251°)","10:10:48","kryvyi-rih"
2016,2,"15","6:53 ↑ (108°)","17:07 ↑ (252°)","10:14:02","kryvyi-rih"
2016,2,"16","6:52 ↑ (108°)","17:09 ↑ (252°)","10:17:17","kryvyi-rih"
2016,2,"17","6:50 ↑ (107°)","17:11 ↑ (253°)","10:20:34","kryvyi-rih"
2016,2,"18","6:48 ↑ (107°)","17:12 ↑ (253°)","10:23:52","kryvyi-rih"
2016,2,"19","6:47 ↑ (106°)","17:14 ↑ (254°)","10:27:10","kryvyi-rih"
2016,2,"20","6:45 ↑ (106°)","17:15 ↑ (254°)","10:30:31","kryvyi-rih"
2016,2,"21","6:43 ↑ (105°)","17:17 ↑ (255°)","10:33:50","kryvyi-rih"
2016,2,"22","6:41 ↑ (105°)","17:19 ↑ (256°)","10:37:12","kryvyi-rih"
2016,2,"23","6:40 ↑ (104°)","17:20 ↑ (256°)","10:40:34","kryvyi-rih"
2016,2,"24","6:38 ↑ (104°)","17:22 ↑ (257°)","10:43:57","kryvyi-rih"
2016,2,"25","6:36 ↑ (103°)","17:23 ↑ (257°)","10:47:20","kryvyi-rih"
2016,2,"26","6:34 ↑ (102°)","17:25 ↑ (258°)","10:50:44","kryvyi-rih"
2016,2,"27","6:32 ↑ (102°)","17:26 ↑ (258°)","10:54:09","kryvyi-rih"
2016,2,"28","6:30 ↑ (101°)","17:28 ↑ (259°)","10:57:34","kryvyi-rih"
2016,2,"29","6:28 ↑ (101°)","17:29 ↑ (260°)","11:01:00","kryvyi-rih"
2016,3,"1","6:26 ↑ (100°)","17:31 ↑ (260°)","11:04:25","kryvyi-rih"
2016,3,"2","6:24 ↑ (100°)","17:32 ↑ (261°)","11:07:53","kryvyi-rih"
2016,3,"3","6:23 ↑ (99°)","17:34 ↑ (261°)","11:11:20","kryvyi-rih"
2016,3,"4","6:21 ↑ (98°)","17:35 ↑ (262°)","11:14:46","kryvyi-rih"
2016,3,"5","6:19 ↑ (98°)","17:37 ↑ (262°)","11:18:14","kryvyi-rih"
2016,3,"6","6:17 ↑ (97°)","17:38 ↑ (263°)","11:21:42","kryvyi-rih"
2016,3,"7","6:15 ↑ (97°)","17:40 ↑ (264°)","11:25:11","kryvyi-rih"
2016,3,"8","6:13 ↑ (96°)","17:41 ↑ (264°)","11:28:39","kryvyi-rih"
2016,3,"9","6:11 ↑ (96°)","17:43 ↑ (265°)","11:32:08","kryvyi-rih"
2016,3,"10","6:09 ↑ (95°)","17:44 ↑ (265°)","11:35:37","kryvyi-rih"
2016,3,"11","6:07 ↑ (94°)","17:46 ↑ (266°)","11:39:06","kryvyi-rih"
2016,3,"12","6:05 ↑ (94°)","17:47 ↑ (266°)","11:42:36","kryvyi-rih"
2016,3,"13","6:03 ↑ (93°)","17:49 ↑ (267°)","11:46:06","kryvyi-rih"
2016,3,"14","6:01 ↑ (93°)","17:50 ↑ (268°)","11:49:35","kryvyi-rih"
2016,3,"15","5:59 ↑ (92°)","17:52 ↑ (268°)","11:53:04","kryvyi-rih"
2016,3,"16","5:57 ↑ (91°)","17:53 ↑ (269°)","11:56:34","kryvyi-rih"
2016,3,"17","5:55 ↑ (91°)","17:55 ↑ (269°)","12:00:04","kryvyi-rih"
2016,3,"18","5:53 ↑ (90°)","17:56 ↑ (270°)","12:03:34","kryvyi-rih"
2016,3,"19","5:51 ↑ (90°)","17:58 ↑ (271°)","12:07:04","kryvyi-rih"
2016,3,"20","5:49 ↑ (89°)","17:59 ↑ (271°)","12:10:33","kryvyi-rih"
2016,3,"21","5:46 ↑ (89°)","18:01 ↑ (272°)","12:14:03","kryvyi-rih"
2016,3,"22","5:44 ↑ (88°)","18:02 ↑ (272°)","12:17:32","kryvyi-rih"
2016,3,"23","5:42 ↑ (87°)","18:03 ↑ (273°)","12:21:02","kryvyi-rih"
2016,3,"24","5:40 ↑ (87°)","18:05 ↑ (274°)","12:24:31","kryvyi-rih"
2016,3,"25","5:38 ↑ (86°)","18:06 ↑ (274°)","12:28:01","kryvyi-rih"
2016,3,"26","5:36 ↑ (86°)","18:08 ↑ (275°)","12:31:29","kryvyi-rih"
2016,3,"27","6:34 ↑ (85°)","19:09 ↑ (275°)","12:34:59","kryvyi-rih"
2016,3,"28","6:32 ↑ (84°)","19:11 ↑ (276°)","12:38:27","kryvyi-rih"
2016,3,"29","6:30 ↑ (84°)","19:12 ↑ (276°)","12:41:55","kryvyi-rih"
2016,3,"30","6:28 ↑ (83°)","19:13 ↑ (277°)","12:45:23","kryvyi-rih"
2016,3,"31","6:26 ↑ (83°)","19:15 ↑ (278°)","12:48:51","kryvyi-rih"
2016,4,"1","6:24 ↑ (82°)","19:16 ↑ (278°)","12:52:19","kryvyi-rih"
2016,4,"2","6:22 ↑ (82°)","19:18 ↑ (279°)","12:55:47","kryvyi-rih"
2016,4,"3","6:20 ↑ (81°)","19:19 ↑ (279°)","12:59:14","kryvyi-rih"
2016,4,"4","6:18 ↑ (80°)","19:21 ↑ (280°)","13:02:41","kryvyi-rih"
2016,4,"5","6:16 ↑ (80°)","19:22 ↑ (281°)","13:06:07","kryvyi-rih"
2016,4,"6","6:14 ↑ (79°)","19:24 ↑ (281°)","13:09:33","kryvyi-rih"
2016,4,"7","6:12 ↑ (79°)","19:25 ↑ (282°)","13:12:58","kryvyi-rih"
2016,4,"8","6:10 ↑ (78°)","19:26 ↑ (282°)","13:16:23","kryvyi-rih"
2016,4,"9","6:08 ↑ (78°)","19:28 ↑ (283°)","13:19:47","kryvyi-rih"
2016,4,"10","6:06 ↑ (77°)","19:29 ↑ (283°)","13:23:11","kryvyi-rih"
2016,4,"11","6:04 ↑ (76°)","19:31 ↑ (284°)","13:26:35","kryvyi-rih"
2016,4,"12","6:02 ↑ (76°)","19:32 ↑ (284°)","13:29:57","kryvyi-rih"
2016,4,"13","6:00 ↑ (75°)","19:34 ↑ (285°)","13:33:19","kryvyi-rih"
2016,4,"14","5:58 ↑ (75°)","19:35 ↑ (286°)","13:36:41","kryvyi-rih"
2016,4,"15","5:56 ↑ (74°)","19:36 ↑ (286°)","13:40:01","kryvyi-rih"
2016,4,"16","5:55 ↑ (74°)","19:38 ↑ (287°)","13:43:21","kryvyi-rih"
2016,4,"17","5:53 ↑ (73°)","19:39 ↑ (287°)","13:46:40","kryvyi-rih"
2016,4,"18","5:51 ↑ (73°)","19:41 ↑ (288°)","13:49:58","kryvyi-rih"
2016,4,"19","5:49 ↑ (72°)","19:42 ↑ (288°)","13:53:15","kryvyi-rih"
2016,4,"20","5:47 ↑ (72°)","19:44 ↑ (289°)","13:56:32","kryvyi-rih"
2016,4,"21","5:45 ↑ (71°)","19:45 ↑ (289°)","13:59:47","kryvyi-rih"
2016,4,"22","5:43 ↑ (70°)","19:46 ↑ (290°)","14:03:01","kryvyi-rih"
2016,4,"23","5:42 ↑ (70°)","19:48 ↑ (290°)","14:06:15","kryvyi-rih"
2016,4,"24","5:40 ↑ (69°)","19:49 ↑ (291°)","14:09:27","kryvyi-rih"
2016,4,"25","5:38 ↑ (69°)","19:51 ↑ (291°)","14:12:38","kryvyi-rih"
2016,4,"26","5:36 ↑ (68°)","19:52 ↑ (292°)","14:15:48","kryvyi-rih"
2016,4,"27","5:35 ↑ (68°)","19:54 ↑ (292°)","14:18:57","kryvyi-rih"
2016,4,"28","5:33 ↑ (67°)","19:55 ↑ (293°)","14:22:04","kryvyi-rih"
2016,4,"29","5:31 ↑ (67°)","19:56 ↑ (293°)","14:25:10","kryvyi-rih"
2016,4,"30","5:29 ↑ (67°)","19:58 ↑ (294°)","14:28:14","kryvyi-rih"
2016,5,"1","5:28 ↑ (66°)","19:59 ↑ (294°)","14:31:16","kryvyi-rih"
2016,5,"2","5:26 ↑ (66°)","20:01 ↑ (295°)","14:34:18","kryvyi-rih"
2016,5,"3","5:25 ↑ (65°)","20:02 ↑ (295°)","14:37:18","kryvyi-rih"
2016,5,"4","5:23 ↑ (65°)","20:03 ↑ (296°)","14:40:15","kryvyi-rih"
2016,5,"5","5:21 ↑ (64°)","20:05 ↑ (296°)","14:43:12","kryvyi-rih"
2016,5,"6","5:20 ↑ (64°)","20:06 ↑ (297°)","14:46:06","kryvyi-rih"
2016,5,"7","5:18 ↑ (63°)","20:07 ↑ (297°)","14:48:58","kryvyi-rih"
2016,5,"8","5:17 ↑ (63°)","20:09 ↑ (297°)","14:51:48","kryvyi-rih"
2016,5,"9","5:16 ↑ (62°)","20:10 ↑ (298°)","14:54:37","kryvyi-rih"
2016,5,"10","5:14 ↑ (62°)","20:11 ↑ (298°)","14:57:22","kryvyi-rih"
2016,5,"11","5:13 ↑ (62°)","20:13 ↑ (299°)","15:00:06","kryvyi-rih"
2016,5,"12","5:11 ↑ (61°)","20:14 ↑ (299°)","15:02:48","kryvyi-rih"
2016,5,"13","5:10 ↑ (61°)","20:15 ↑ (299°)","15:05:26","kryvyi-rih"
2016,5,"14","5:09 ↑ (60°)","20:17 ↑ (300°)","15:08:02","kryvyi-rih"
2016,5,"15","5:07 ↑ (60°)","20:18 ↑ (300°)","15:10:36","kryvyi-rih"
2016,5,"16","5:06 ↑ (60°)","20:19 ↑ (301°)","15:13:08","kryvyi-rih"
2016,5,"17","5:05 ↑ (59°)","20:21 ↑ (301°)","15:15:35","kryvyi-rih"
2016,5,"18","5:04 ↑ (59°)","20:22 ↑ (301°)","15:18:01","kryvyi-rih"
2016,5,"19","5:03 ↑ (59°)","20:23 ↑ (302°)","15:20:23","kryvyi-rih"
2016,5,"20","5:02 ↑ (58°)","20:24 ↑ (302°)","15:22:43","kryvyi-rih"
2016,5,"21","5:00 ↑ (58°)","20:25 ↑ (302°)","15:24:58","kryvyi-rih"
2016,5,"22","4:59 ↑ (58°)","20:27 ↑ (303°)","15:27:12","kryvyi-rih"
2016,5,"23","4:58 ↑ (57°)","20:28 ↑ (303°)","15:29:21","kryvyi-rih"
2016,5,"24","4:57 ↑ (57°)","20:29 ↑ (303°)","15:31:27","kryvyi-rih"
2016,5,"25","4:57 ↑ (57°)","20:30 ↑ (304°)","15:33:30","kryvyi-rih"
2016,5,"26","4:56 ↑ (56°)","20:31 ↑ (304°)","15:35:29","kryvyi-rih"
2016,5,"27","4:55 ↑ (56°)","20:32 ↑ (304°)","15:37:24","kryvyi-rih"
2016,5,"28","4:54 ↑ (56°)","20:33 ↑ (304°)","15:39:16","kryvyi-rih"
2016,5,"29","4:53 ↑ (55°)","20:34 ↑ (305°)","15:41:03","kryvyi-rih"
2016,5,"30","4:52 ↑ (55°)","20:35 ↑ (305°)","15:42:48","kryvyi-rih"
2016,5,"31","4:52 ↑ (55°)","20:36 ↑ (305°)","15:44:27","kryvyi-rih"
2016,6,"1","4:51 ↑ (55°)","20:37 ↑ (305°)","15:46:02","kryvyi-rih"
2016,6,"2","4:50 ↑ (55°)","20:38 ↑ (306°)","15:47:34","kryvyi-rih"
2016,6,"3","4:50 ↑ (54°)","20:39 ↑ (306°)","15:49:00","kryvyi-rih"
2016,6,"4","4:49 ↑ (54°)","20:40 ↑ (306°)","15:50:23","kryvyi-rih"
2016,6,"5","4:49 ↑ (54°)","20:41 ↑ (306°)","15:51:42","kryvyi-rih"
2016,6,"6","4:48 ↑ (54°)","20:41 ↑ (306°)","15:52:56","kryvyi-rih"
2016,6,"7","4:48 ↑ (54°)","20:42 ↑ (306°)","15:54:05","kryvyi-rih"
2016,6,"8","4:48 ↑ (53°)","20:43 ↑ (307°)","15:55:09","kryvyi-rih"
2016,6,"9","4:47 ↑ (53°)","20:44 ↑ (307°)","15:56:09","kryvyi-rih"
2016,6,"10","4:47 ↑ (53°)","20:44 ↑ (307°)","15:57:04","kryvyi-rih"
2016,6,"11","4:47 ↑ (53°)","20:45 ↑ (307°)","15:57:54","kryvyi-rih"
2016,6,"12","4:47 ↑ (53°)","20:45 ↑ (307°)","15:58:39","kryvyi-rih"
2016,6,"13","4:47 ↑ (53°)","20:46 ↑ (307°)","15:59:20","kryvyi-rih"
2016,6,"14","4:46 ↑ (53°)","20:46 ↑ (307°)","15:59:55","kryvyi-rih"
2016,6,"15","4:46 ↑ (53°)","20:47 ↑ (307°)","16:00:26","kryvyi-rih"
2016,6,"16","4:46 ↑ (53°)","20:47 ↑ (307°)","16:00:51","kryvyi-rih"
2016,6,"17","4:46 ↑ (53°)","20:48 ↑ (307°)","16:01:12","kryvyi-rih"
2016,6,"18","4:47 ↑ (53°)","20:48 ↑ (307°)","16:01:27","kryvyi-rih"
2016,6,"19","4:47 ↑ (52°)","20:48 ↑ (308°)","16:01:37","kryvyi-rih"
2016,6,"20","4:47 ↑ (52°)","20:48 ↑ (308°)","16:01:43","kryvyi-rih"
2016,6,"21","4:47 ↑ (52°)","20:49 ↑ (308°)","16:01:43","kryvyi-rih"
2016,6,"22","4:47 ↑ (52°)","20:49 ↑ (308°)","16:01:37","kryvyi-rih"
2016,6,"23","4:48 ↑ (53°)","20:49 ↑ (307°)","16:01:27","kryvyi-rih"
2016,6,"24","4:48 ↑ (53°)","20:49 ↑ (307°)","16:01:13","kryvyi-rih"
2016,6,"25","4:48 ↑ (53°)","20:49 ↑ (307°)","16:00:53","kryvyi-rih"
2016,6,"26","4:49 ↑ (53°)","20:49 ↑ (307°)","16:00:27","kryvyi-rih"
2016,6,"27","4:49 ↑ (53°)","20:49 ↑ (307°)","15:59:57","kryvyi-rih"
2016,6,"28","4:50 ↑ (53°)","20:49 ↑ (307°)","15:59:22","kryvyi-rih"
2016,6,"29","4:50 ↑ (53°)","20:49 ↑ (307°)","15:58:41","kryvyi-rih"
2016,6,"30","4:51 ↑ (53°)","20:49 ↑ (307°)","15:57:57","kryvyi-rih"
2016,7,"1","4:51 ↑ (53°)","20:48 ↑ (307°)","15:57:07","kryvyi-rih"
2016,7,"2","4:52 ↑ (53°)","20:48 ↑ (307°)","15:56:12","kryvyi-rih"
2016,7,"3","4:53 ↑ (53°)","20:48 ↑ (307°)","15:55:13","kryvyi-rih"
2016,7,"4","4:53 ↑ (53°)","20:47 ↑ (306°)","15:54:09","kryvyi-rih"
2016,7,"5","4:54 ↑ (54°)","20:47 ↑ (306°)","15:53:00","kryvyi-rih"
2016,7,"6","4:55 ↑ (54°)","20:46 ↑ (306°)","15:51:47","kryvyi-rih"
2016,7,"7","4:55 ↑ (54°)","20:46 ↑ (306°)","15:50:31","kryvyi-rih"
2016,7,"8","4:56 ↑ (54°)","20:45 ↑ (306°)","15:49:08","kryvyi-rih"
2016,7,"9","4:57 ↑ (54°)","20:45 ↑ (305°)","15:47:42","kryvyi-rih"
2016,7,"10","4:58 ↑ (55°)","20:44 ↑ (305°)","15:46:12","kryvyi-rih"
2016,7,"11","4:59 ↑ (55°)","20:44 ↑ (305°)","15:44:37","kryvyi-rih"
2016,7,"12","5:00 ↑ (55°)","20:43 ↑ (305°)","15:42:58","kryvyi-rih"
2016,7,"13","5:01 ↑ (55°)","20:42 ↑ (305°)","15:41:15","kryvyi-rih"
2016,7,"14","5:02 ↑ (56°)","20:41 ↑ (304°)","15:39:29","kryvyi-rih"
2016,7,"15","5:03 ↑ (56°)","20:41 ↑ (304°)","15:37:38","kryvyi-rih"
2016,7,"16","5:04 ↑ (56°)","20:40 ↑ (304°)","15:35:44","kryvyi-rih"
2016,7,"17","5:05 ↑ (56°)","20:39 ↑ (303°)","15:33:47","kryvyi-rih"
2016,7,"18","5:06 ↑ (57°)","20:38 ↑ (303°)","15:31:45","kryvyi-rih"
2016,7,"19","5:07 ↑ (57°)","20:37 ↑ (303°)","15:29:41","kryvyi-rih"
2016,7,"20","5:08 ↑ (57°)","20:36 ↑ (303°)","15:27:33","kryvyi-rih"
2016,7,"21","5:09 ↑ (58°)","20:35 ↑ (302°)","15:25:21","kryvyi-rih"
2016,7,"22","5:11 ↑ (58°)","20:34 ↑ (302°)","15:23:07","kryvyi-rih"
2016,7,"23","5:12 ↑ (58°)","20:33 ↑ (302°)","15:20:49","kryvyi-rih"
2016,7,"24","5:13 ↑ (59°)","20:31 ↑ (301°)","15:18:28","kryvyi-rih"
2016,7,"25","5:14 ↑ (59°)","20:30 ↑ (301°)","15:16:05","kryvyi-rih"
2016,7,"26","5:15 ↑ (59°)","20:29 ↑ (300°)","15:13:38","kryvyi-rih"
2016,7,"27","5:17 ↑ (60°)","20:28 ↑ (300°)","15:11:09","kryvyi-rih"
2016,7,"28","5:18 ↑ (60°)","20:26 ↑ (300°)","15:08:37","kryvyi-rih"
2016,7,"29","5:19 ↑ (60°)","20:25 ↑ (299°)","15:06:02","kryvyi-rih"
2016,7,"30","5:20 ↑ (61°)","20:24 ↑ (299°)","15:03:26","kryvyi-rih"
2016,7,"31","5:22 ↑ (61°)","20:22 ↑ (299°)","15:00:46","kryvyi-rih"
2016,8,"1","5:23 ↑ (62°)","20:21 ↑ (298°)","14:58:06","kryvyi-rih"
2016,8,"2","5:24 ↑ (62°)","20:19 ↑ (298°)","14:55:21","kryvyi-rih"
2016,8,"3","5:25 ↑ (62°)","20:18 ↑ (297°)","14:52:35","kryvyi-rih"
2016,8,"4","5:27 ↑ (63°)","20:17 ↑ (297°)","14:49:48","kryvyi-rih"
2016,8,"5","5:28 ↑ (63°)","20:15 ↑ (296°)","14:46:57","kryvyi-rih"
2016,8,"6","5:29 ↑ (64°)","20:13 ↑ (296°)","14:44:06","kryvyi-rih"
2016,8,"7","5:31 ↑ (64°)","20:12 ↑ (296°)","14:41:12","kryvyi-rih"
2016,8,"8","5:32 ↑ (65°)","20:10 ↑ (295°)","14:38:17","kryvyi-rih"
2016,8,"9","5:33 ↑ (65°)","20:09 ↑ (295°)","14:35:21","kryvyi-rih"
2016,8,"10","5:35 ↑ (66°)","20:07 ↑ (294°)","14:32:21","kryvyi-rih"
2016,8,"11","5:36 ↑ (66°)","20:05 ↑ (294°)","14:29:21","kryvyi-rih"
2016,8,"12","5:37 ↑ (67°)","20:04 ↑ (293°)","14:26:20","kryvyi-rih"
2016,8,"13","5:39 ↑ (67°)","20:02 ↑ (293°)","14:23:17","kryvyi-rih"
2016,8,"14","5:40 ↑ (67°)","20:00 ↑ (292°)","14:20:12","kryvyi-rih"
2016,8,"15","5:41 ↑ (68°)","19:58 ↑ (292°)","14:17:06","kryvyi-rih"
2016,8,"16","5:43 ↑ (68°)","19:57 ↑ (291°)","14:13:59","kryvyi-rih"
2016,8,"17","5:44 ↑ (69°)","19:55 ↑ (291°)","14:10:51","kryvyi-rih"
2016,8,"18","5:45 ↑ (69°)","19:53 ↑ (290°)","14:07:42","kryvyi-rih"
2016,8,"19","5:47 ↑ (70°)","19:51 ↑ (290°)","14:04:32","kryvyi-rih"
2016,8,"20","5:48 ↑ (70°)","19:49 ↑ (289°)","14:01:21","kryvyi-rih"
2016,8,"21","5:49 ↑ (71°)","19:48 ↑ (289°)","13:58:08","kryvyi-rih"
2016,8,"22","5:51 ↑ (71°)","19:46 ↑ (288°)","13:54:54","kryvyi-rih"
2016,8,"23","5:52 ↑ (72°)","19:44 ↑ (288°)","13:51:40","kryvyi-rih"
2016,8,"24","5:54 ↑ (73°)","19:42 ↑ (287°)","13:48:26","kryvyi-rih"
2016,8,"25","5:55 ↑ (73°)","19:40 ↑ (287°)","13:45:09","kryvyi-rih"
2016,8,"26","5:56 ↑ (74°)","19:38 ↑ (286°)","13:41:53","kryvyi-rih"
2016,8,"27","5:58 ↑ (74°)","19:36 ↑ (286°)","13:38:35","kryvyi-rih"
2016,8,"28","5:59 ↑ (75°)","19:34 ↑ (285°)","13:35:17","kryvyi-rih"
2016,8,"29","6:00 ↑ (75°)","19:32 ↑ (284°)","13:31:58","kryvyi-rih"
2016,8,"30","6:02 ↑ (76°)","19:30 ↑ (284°)","13:28:39","kryvyi-rih"
2016,8,"31","6:03 ↑ (76°)","19:28 ↑ (283°)","13:25:18","kryvyi-rih"
2016,9,"1","6:04 ↑ (77°)","19:26 ↑ (283°)","13:21:58","kryvyi-rih"
2016,9,"2","6:06 ↑ (77°)","19:24 ↑ (282°)","13:18:37","kryvyi-rih"
2016,9,"3","6:07 ↑ (78°)","19:22 ↑ (282°)","13:15:15","kryvyi-rih"
2016,9,"4","6:08 ↑ (79°)","19:20 ↑ (281°)","13:11:53","kryvyi-rih"
2016,9,"5","6:10 ↑ (79°)","19:18 ↑ (281°)","13:08:31","kryvyi-rih"
2016,9,"6","6:11 ↑ (80°)","19:16 ↑ (280°)","13:05:07","kryvyi-rih"
2016,9,"7","6:13 ↑ (80°)","19:14 ↑ (279°)","13:01:44","kryvyi-rih"
2016,9,"8","6:14 ↑ (81°)","19:12 ↑ (279°)","12:58:21","kryvyi-rih"
2016,9,"9","6:15 ↑ (81°)","19:10 ↑ (278°)","12:54:56","kryvyi-rih"
2016,9,"10","6:17 ↑ (82°)","19:08 ↑ (278°)","12:51:32","kryvyi-rih"
2016,9,"11","6:18 ↑ (82°)","19:06 ↑ (277°)","12:48:08","kryvyi-rih"
2016,9,"12","6:19 ↑ (83°)","19:04 ↑ (277°)","12:44:42","kryvyi-rih"
2016,9,"13","6:21 ↑ (84°)","19:02 ↑ (276°)","12:41:17","kryvyi-rih"
2016,9,"14","6:22 ↑ (84°)","19:00 ↑ (276°)","12:37:52","kryvyi-rih"
2016,9,"15","6:23 ↑ (85°)","18:58 ↑ (275°)","12:34:26","kryvyi-rih"
2016,9,"16","6:25 ↑ (85°)","18:56 ↑ (274°)","12:31:01","kryvyi-rih"
2016,9,"17","6:26 ↑ (86°)","18:54 ↑ (274°)","12:27:34","kryvyi-rih"
2016,9,"18","6:27 ↑ (87°)","18:52 ↑ (273°)","12:24:09","kryvyi-rih"
2016,9,"19","6:29 ↑ (87°)","18:50 ↑ (273°)","12:20:43","kryvyi-rih"
2016,9,"20","6:30 ↑ (88°)","18:47 ↑ (272°)","12:17:16","kryvyi-rih"
2016,9,"21","6:32 ↑ (88°)","18:45 ↑ (271°)","12:13:50","kryvyi-rih"
2016,9,"22","6:33 ↑ (89°)","18:43 ↑ (271°)","12:10:24","kryvyi-rih"
2016,9,"23","6:34 ↑ (89°)","18:41 ↑ (270°)","12:06:58","kryvyi-rih"
2016,9,"24","6:36 ↑ (90°)","18:39 ↑ (270°)","12:03:30","kryvyi-rih"
2016,9,"25","6:37 ↑ (91°)","18:37 ↑ (269°)","12:00:04","kryvyi-rih"
2016,9,"26","6:38 ↑ (91°)","18:35 ↑ (269°)","11:56:38","kryvyi-rih"
2016,9,"27","6:40 ↑ (92°)","18:33 ↑ (268°)","11:53:10","kryvyi-rih"
2016,9,"28","6:41 ↑ (92°)","18:31 ↑ (267°)","11:49:44","kryvyi-rih"
2016,9,"29","6:43 ↑ (93°)","18:29 ↑ (267°)","11:46:18","kryvyi-rih"
2016,9,"30","6:44 ↑ (93°)","18:27 ↑ (266°)","11:42:52","kryvyi-rih"
2016,10,"1","6:45 ↑ (94°)","18:25 ↑ (266°)","11:39:25","kryvyi-rih"
2016,10,"2","6:47 ↑ (95°)","18:23 ↑ (265°)","11:36:00","kryvyi-rih"
2016,10,"3","6:48 ↑ (95°)","18:21 ↑ (265°)","11:32:33","kryvyi-rih"
2016,10,"4","6:50 ↑ (96°)","18:19 ↑ (264°)","11:29:07","kryvyi-rih"
2016,10,"5","6:51 ↑ (96°)","18:17 ↑ (263°)","11:25:41","kryvyi-rih"
2016,10,"6","6:52 ↑ (97°)","18:15 ↑ (263°)","11:22:16","kryvyi-rih"
2016,10,"7","6:54 ↑ (98°)","18:13 ↑ (262°)","11:18:52","kryvyi-rih"
2016,10,"8","6:55 ↑ (98°)","18:11 ↑ (262°)","11:15:27","kryvyi-rih"
2016,10,"9","6:57 ↑ (99°)","18:09 ↑ (261°)","11:12:02","kryvyi-rih"
2016,10,"10","6:58 ↑ (99°)","18:07 ↑ (261°)","11:08:38","kryvyi-rih"
2016,10,"11","7:00 ↑ (100°)","18:05 ↑ (260°)","11:05:14","kryvyi-rih"
2016,10,"12","7:01 ↑ (100°)","18:03 ↑ (259°)","11:01:51","kryvyi-rih"
2016,10,"13","7:03 ↑ (101°)","18:01 ↑ (259°)","10:58:28","kryvyi-rih"
2016,10,"14","7:04 ↑ (101°)","17:59 ↑ (258°)","10:55:06","kryvyi-rih"
2016,10,"15","7:05 ↑ (102°)","17:57 ↑ (258°)","10:51:44","kryvyi-rih"
2016,10,"16","7:07 ↑ (103°)","17:55 ↑ (257°)","10:48:22","kryvyi-rih"
2016,10,"17","7:08 ↑ (103°)","17:53 ↑ (257°)","10:45:02","kryvyi-rih"
2016,10,"18","7:10 ↑ (104°)","17:52 ↑ (256°)","10:41:42","kryvyi-rih"
2016,10,"19","7:11 ↑ (104°)","17:50 ↑ (256°)","10:38:23","kryvyi-rih"
2016,10,"20","7:13 ↑ (105°)","17:48 ↑ (255°)","10:35:03","kryvyi-rih"
2016,10,"21","7:14 ↑ (105°)","17:46 ↑ (254°)","10:31:45","kryvyi-rih"
2016,10,"22","7:16 ↑ (106°)","17:44 ↑ (254°)","10:28:28","kryvyi-rih"
2016,10,"23","7:17 ↑ (106°)","17:43 ↑ (253°)","10:25:12","kryvyi-rih"
2016,10,"24","7:19 ↑ (107°)","17:41 ↑ (253°)","10:21:56","kryvyi-rih"
2016,10,"25","7:20 ↑ (107°)","17:39 ↑ (252°)","10:18:41","kryvyi-rih"
2016,10,"26","7:22 ↑ (108°)","17:37 ↑ (252°)","10:15:28","kryvyi-rih"
2016,10,"27","7:23 ↑ (108°)","17:36 ↑ (251°)","10:12:15","kryvyi-rih"
2016,10,"28","7:25 ↑ (109°)","17:34 ↑ (251°)","10:09:04","kryvyi-rih"
2016,10,"29","7:26 ↑ (110°)","17:32 ↑ (250°)","10:05:53","kryvyi-rih"
2016,10,"30","6:28 ↑ (110°)","16:31 ↑ (250°)","10:02:44","kryvyi-rih"
2016,10,"31","6:29 ↑ (111°)","16:29 ↑ (249°)","9:59:37","kryvyi-rih"
2016,11,"1","6:31 ↑ (111°)","16:27 ↑ (249°)","9:56:30","kryvyi-rih"
2016,11,"2","6:33 ↑ (112°)","16:26 ↑ (248°)","9:53:25","kryvyi-rih"
2016,11,"3","6:34 ↑ (112°)","16:24 ↑ (248°)","9:50:22","kryvyi-rih"
2016,11,"4","6:36 ↑ (112°)","16:23 ↑ (247°)","9:47:19","kryvyi-rih"
2016,11,"5","6:37 ↑ (113°)","16:21 ↑ (247°)","9:44:19","kryvyi-rih"
2016,11,"6","6:39 ↑ (113°)","16:20 ↑ (246°)","9:41:20","kryvyi-rih"
2016,11,"7","6:40 ↑ (114°)","16:19 ↑ (246°)","9:38:24","kryvyi-rih"
2016,11,"8","6:42 ↑ (114°)","16:17 ↑ (245°)","9:35:29","kryvyi-rih"
2016,11,"9","6:43 ↑ (115°)","16:16 ↑ (245°)","9:32:37","kryvyi-rih"
2016,11,"10","6:45 ↑ (115°)","16:15 ↑ (245°)","9:29:45","kryvyi-rih"
2016,11,"11","6:46 ↑ (116°)","16:13 ↑ (244°)","9:26:57","kryvyi-rih"
2016,11,"12","6:48 ↑ (116°)","16:12 ↑ (244°)","9:24:11","kryvyi-rih"
2016,11,"13","6:49 ↑ (117°)","16:11 ↑ (243°)","9:21:27","kryvyi-rih"
2016,11,"14","6:51 ↑ (117°)","16:10 ↑ (243°)","9:18:45","kryvyi-rih"
2016,11,"15","6:52 ↑ (117°)","16:08 ↑ (243°)","9:16:07","kryvyi-rih"
2016,11,"16","6:54 ↑ (118°)","16:07 ↑ (242°)","9:13:30","kryvyi-rih"
2016,11,"17","6:55 ↑ (118°)","16:06 ↑ (242°)","9:10:57","kryvyi-rih"
2016,11,"18","6:57 ↑ (119°)","16:05 ↑ (241°)","9:08:26","kryvyi-rih"
2016,11,"19","6:58 ↑ (119°)","16:04 ↑ (241°)","9:05:59","kryvyi-rih"
2016,11,"20","7:00 ↑ (119°)","16:03 ↑ (241°)","9:03:34","kryvyi-rih"
2016,11,"21","7:01 ↑ (120°)","16:02 ↑ (240°)","9:01:12","kryvyi-rih"
2016,11,"22","7:03 ↑ (120°)","16:01 ↑ (240°)","8:58:54","kryvyi-rih"
2016,11,"23","7:04 ↑ (120°)","16:01 ↑ (240°)","8:56:39","kryvyi-rih"
2016,11,"24","7:05 ↑ (121°)","16:00 ↑ (239°)","8:54:27","kryvyi-rih"
2016,11,"25","7:07 ↑ (121°)","15:59 ↑ (239°)","8:52:20","kryvyi-rih"
2016,11,"26","7:08 ↑ (121°)","15:58 ↑ (239°)","8:50:15","kryvyi-rih"
2016,11,"27","7:09 ↑ (122°)","15:58 ↑ (238°)","8:48:15","kryvyi-rih"
2016,11,"28","7:11 ↑ (122°)","15:57 ↑ (238°)","8:46:19","kryvyi-rih"
2016,11,"29","7:12 ↑ (122°)","15:56 ↑ (238°)","8:44:26","kryvyi-rih"
2016,11,"30","7:13 ↑ (122°)","15:56 ↑ (238°)","8:42:38","kryvyi-rih"
2016,12,"1","7:15 ↑ (123°)","15:55 ↑ (237°)","8:40:54","kryvyi-rih"
2016,12,"2","7:16 ↑ (123°)","15:55 ↑ (237°)","8:39:14","kryvyi-rih"
2016,12,"3","7:17 ↑ (123°)","15:55 ↑ (237°)","8:37:38","kryvyi-rih"
2016,12,"4","7:18 ↑ (123°)","15:54 ↑ (237°)","8:36:08","kryvyi-rih"
2016,12,"5","7:19 ↑ (124°)","15:54 ↑ (236°)","8:34:42","kryvyi-rih"
2016,12,"6","7:20 ↑ (124°)","15:54 ↑ (236°)","8:33:20","kryvyi-rih"
2016,12,"7","7:21 ↑ (124°)","15:54 ↑ (236°)","8:32:04","kryvyi-rih"
2016,12,"8","7:23 ↑ (124°)","15:53 ↑ (236°)","8:30:52","kryvyi-rih"
2016,12,"9","7:24 ↑ (124°)","15:53 ↑ (236°)","8:29:45","kryvyi-rih"
2016,12,"10","7:24 ↑ (124°)","15:53 ↑ (236°)","8:28:43","kryvyi-rih"
2016,12,"11","7:25 ↑ (125°)","15:53 ↑ (235°)","8:27:47","kryvyi-rih"
2016,12,"12","7:26 ↑ (125°)","15:53 ↑ (235°)","8:26:55","kryvyi-rih"
2016,12,"13","7:27 ↑ (125°)","15:53 ↑ (235°)","8:26:09","kryvyi-rih"
2016,12,"14","7:28 ↑ (125°)","15:53 ↑ (235°)","8:25:27","kryvyi-rih"
2016,12,"15","7:29 ↑ (125°)","15:54 ↑ (235°)","8:24:52","kryvyi-rih"
2016,12,"16","7:30 ↑ (125°)","15:54 ↑ (235°)","8:24:22","kryvyi-rih"
2016,12,"17","7:30 ↑ (125°)","15:54 ↑ (235°)","8:23:58","kryvyi-rih"
2016,12,"18","7:31 ↑ (125°)","15:55 ↑ (235°)","8:23:38","kryvyi-rih"
2016,12,"19","7:32 ↑ (125°)","15:55 ↑ (235°)","8:23:24","kryvyi-rih"
2016,12,"20","7:32 ↑ (125°)","15:55 ↑ (235°)","8:23:16","kryvyi-rih"
2016,12,"21","7:33 ↑ (125°)","15:56 ↑ (235°)","8:23:13","kryvyi-rih"
2016,12,"22","7:33 ↑ (125°)","15:56 ↑ (235°)","8:23:15","kryvyi-rih"
2016,12,"23","7:34 ↑ (125°)","15:57 ↑ (235°)","8:23:23","kryvyi-rih"
2016,12,"24","7:34 ↑ (125°)","15:58 ↑ (235°)","8:23:37","kryvyi-rih"
2016,12,"25","7:34 ↑ (125°)","15:58 ↑ (235°)","8:23:56","kryvyi-rih"
2016,12,"26","7:35 ↑ (125°)","15:59 ↑ (235°)","8:24:20","kryvyi-rih"
2016,12,"27","7:35 ↑ (125°)","16:00 ↑ (235°)","8:24:50","kryvyi-rih"
2016,12,"28","7:35 ↑ (125°)","16:00 ↑ (235°)","8:25:26","kryvyi-rih"
2016,12,"29","7:35 ↑ (125°)","16:01 ↑ (235°)","8:26:06","kryvyi-rih"
2016,12,"30","7:35 ↑ (125°)","16:02 ↑ (235°)","8:26:53","kryvyi-rih"
2016,12,"31","7:35 ↑ (125°)","16:03 ↑ (235°)","8:27:44","kryvyi-rih"
